timeForPointcloud,frameInfo,total_point_num
2025-04-02 16:26:47.432,[],0
2025-04-02 16:26:47.532,[],0
2025-04-02 16:26:47.631,[],0
2025-04-02 16:26:47.730,[],0
2025-04-02 16:26:47.829,[],0
2025-04-02 16:26:47.930,[],0
2025-04-02 16:26:48.029,[],0
2025-04-02 16:26:48.127,[],0
2025-04-02 16:26:48.227,"[[31, 85, 22, 12, 1500]]",1
2025-04-02 16:26:48.327,"[[21, 84, 19, 12, 1500], [23, 87, 21, 12, 1500]]",2
2025-04-02 16:26:48.425,[],0
2025-04-02 16:26:48.525,"[[51, 85, -15, 12, 1700]]",1
2025-04-02 16:26:48.625,"[[80, 123, 7, -18, 1800], [79, 124, 7, -12, 2300], [87, 123, 10, -18, 1800], [86, 124, 8, -12, 2400], [96, 122, 9, -12, 1900]]",5
2025-04-02 16:26:48.729,"[[9, 98, 20, 12, 1800], [75, 122, 9, -12, 2300], [80, 124, 7, -18, 1900], [78, 125, 6, -12, 3000], [85, 125, 6, -18, 1700], [82, 127, 4, -12, 3000], [86, 129, 3, -12, 2300]]",7
2025-04-02 16:26:48.822,[],0
2025-04-02 16:26:48.924,"[[23, 83, 20, -12, 1800], [36, 127, 4, -12, 1200], [36, 130, 11, -12, 1400]]",3
2025-04-02 16:26:49.031,"[[30, 78, 16, 12, 2700], [30, 82, 17, 18, 1700], [32, 81, 16, 12, 3100], [30, 86, 19, -12, 2300], [34, 85, 17, 12, 3100], [25, 94, 2, -12, 1300], [44, 103, -10, -12, 2000], [-13, 117, -26, 12, 1400], [33, 123, -11, -12, 1400], [30, 128, 3, -12, 1700], [28, 133, -1, -12, 1800], [23, 137, -16, -12, 1300], [75, 122, -10, 12, 1800], [70, 130, 1, -12, 1800], [68, 131, -5, 12, 1900], [79, 129, -8, -12, 2000], [88, 127, -17, -12, 1600], [69, 139, -12, 12, 1500], [19, 167, 32, 12, 1700], [27, 171, 25, 12, 2000], [46, 186, 34, 12, 1700], [49, 185, 50, 12, 1700], [47, 189, 51, 12, 1700], [86, 267, -46, 12, 1500], [25, 308, 77, 12, 1700], [176, 308, 71, -12, 1900], [-328, 158, 45, -12, 1900], [-339, 147, 30, -12, 1800], [-320, 193, 21, -12, 1600], [2, 562, 129, 12, 1600]]",30
2025-04-02 16:26:49.145,"[[27, 78, 19, 12, 3100], [28, 82, 19, -12, 2000], [26, 83, 19, 12, 3100], [30, 86, 18, -12, 1800], [25, 87, 20, 12, 3100], [41, 95, 9, -12, 1700], [41, 104, -4, -12, 2200], [65, 97, -7, -18, 1700], [47, 106, -8, -12, 2300], [52, 105, -24, -12, 1900], [64, 111, -8, -12, 1700], [20, 134, -36, 12, 1700], [69, 130, 4, -12, 1600], [75, 126, 4, 12, 2200], [66, 136, 1, -12, 1800], [54, 140, 16, 12, 2300], [-123, 99, -24, 12, 2400], [-125, 101, -29, 12, 2400], [-137, 96, 6, 12, 2100], [31, 169, 33, 12, 2000], [19, 177, -8, 12, 2000], [40, 200, 28, 12, 1900], [46, 204, 12, 12, 1700], [-149, 157, 29, 18, 1500], [99, 197, 21, 18, 1500], [31, 220, 38, 12, 1700], [139, 181, -28, -12, 1600], [48, 278, 35, 12, 2400], [73, 278, 10, 12, 2500], [105, 271, 24, 12, 2100], [38, 298, 44, 12, 1700], [270, 133, 60, 12, 1900], [258, 218, 16, -12, 2200], [255, 225, 40, -12, 2900], [251, 238, 72, -12, 2100], [262, 244, -15, -12, 1700], [-278, 222, 47, 12, 1700], [41, 348, -91, -12, 2000], [-151, 324, 56, 12, 1800], [238, 274, -43, -12, 2100], [100, 343, 79, 12, 2000], [134, 342, 45, 12, 1800], [-247, 280, -24, 12, 1600], [-299, 223, -61, 12, 1800], [67, 365, 86, 24, 1800], [105, 371, -13, 18, 1700], [121, 357, -79, 12, 1600], [71, 367, 92, 24, 1600], [-276, 276, -10, 18, 1800], [-204, 332, -11, 12, 1900], [-265, 288, 41, 18, 1700], [-199, 339, -13, 12, 1800], [83, 389, 94, 12, 2000], [75, 399, 75, 12, 1800], [64, 413, 45, 12, 2200], [67, 417, 43, 12, 2300], [-388, 184, -5, 12, 2200], [-331, 278, -6, 12, 2500], [-339, 275, -18, 12, 2400], [-356, 255, -49, 12, 1800], [-11, 443, -20, 12, 1700], [20, 443, 60, 12, 1800], [33, 444, 74, 12, 1800], [345, 289, -68, 12, 1600], [39, 455, 116, 12, 1300], [313, 692, 26, 12, 1400]]",66
2025-04-02 16:26:49.250,"[[28, 77, 20, 12, 3100], [30, 81, 21, 12, 3100], [32, 84, 22, 12, 3100], [56, 78, -12, -12, 2700], [58, 81, -12, -18, 1700], [54, 83, -13, -12, 2900], [46, 92, -15, -12, 2700], [26, 105, 0, -12, 2200], [59, 91, -7, -24, 1700], [59, 95, -7, -18, 2200], [-1, 111, 18, -12, 2600], [62, 93, -8, -24, 2300], [67, 95, -11, -18, 1800], [1, 115, 20, -12, 2700], [67, 95, -10, -24, 2200], [10, 118, 19, -12, 2200], [65, 114, -7, -12, 1600], [53, 124, 11, -12, 2400], [54, 128, 11, -12, 2300], [51, 70, -110, 12, 2200], [67, 126, 11, -12, 1700], [66, 131, -4, 18, 2400], [54, 137, 9, 12, 2700], [70, 130, -3, 24, 1700], [60, 139, -5, 18, 2500], [37, 147, 4, 12, 2900], [70, 134, -4, 24, 1700], [50, 147, -7, 18, 2300], [26, 153, -12, 12, 2700], [76, 136, -1, 24, 1700], [42, 153, 6, 18, 1900], [33, 151, -39, 12, 2400], [33, 155, 38, 18, 1800], [21, 162, 33, 12, 2100], [32, 166, 25, 12, 1800], [-135, 99, -54, 12, 1500], [31, 173, 33, 18, 1700], [15, 177, -13, 12, 1700], [28, 180, 16, 18, 1700], [14, 180, -27, 12, 1800], [99, 155, 32, 12, 1800], [96, 158, 44, 12, 2000], [98, 162, 44, 12, 1900], [141, 169, -25, -12, 1700], [36, 215, 41, 12, 2100], [128, 173, -79, -12, 1700], [-173, 119, -135, 12, 1300], [232, 127, -2, 12, 1500], [-76, 199, -183, 12, 1900], [-95, 183, -196, 12, 2300], [-160, 242, 35, 12, 2000], [63, 324, -21, 12, 1700], [310, 124, 15, 12, 2300], [138, 309, 15, -12, 2600], [156, 304, 22, -12, 3100], [-314, 144, 32, -12, 3100], [145, 294, -124, 12, 1000], [261, 225, 79, -12, 2300], [186, 292, 73, 12, 1500], [146, 334, 29, -12, 1700], [-284, 227, -69, -12, 1700], [-336, 156, 19, 12, 1700], [-282, 236, -69, -12, 1700], [-331, 170, 38, 12, 1800], [-309, 196, 93, 12, 1600], [-297, 239, 25, 12, 1700], [-309, 230, -26, 12, 1700], [-384, 61, -35, 12, 1700], [54, 388, 34, 12, 1700], [101, 393, 51, 18, 1700], [100, 396, 59, 18, 1500], [-336, 249, -77, 18, 1900], [267, 310, -113, 12, 1900], [-322, 265, -102, 18, 2100], [-316, 277, -88, 12, 2300], [-297, 311, -40, 18, 2000], [-329, 271, -73, 12, 2500], [60, 424, 84, 18, 1900], [-350, 247, -87, 12, 2200], [47, 437, 86, 12, 1800], [-512, 482, 176, 12, 1900], [-34, 713, 148, 12, 1800]]",82
2025-04-02 16:26:49.354,"[[34, 76, 13, 12, 3100], [37, 79, 16, 12, 3100], [39, 82, 19, 12, 3100], [59, 77, -7, -12, 2000], [40, 85, 23, 12, 3100], [8, 104, -5, -12, 2000], [56, 92, -8, -18, 1900], [67, 85, 4, -12, 3100], [59, 95, -9, -18, 2000], [12, 112, 5, -12, 3100], [10, 116, 8, -12, 3100], [65, 96, -9, -24, 1600], [58, 104, 13, -12, 2800], [46, 115, -4, -12, 2400], [15, 119, 31, 12, 3000], [19, 124, 25, 18, 1700], [68, 106, 21, -18, 1700], [48, 115, -27, -12, 2300], [26, 124, 14, 12, 2700], [63, 111, 8, -24, 1700], [65, 114, 12, -18, 2200], [54, 112, -45, -12, 2000], [51, 121, -6, 12, 2000], [64, 114, 13, -24, 1500], [69, 116, 14, -18, 2300], [71, 117, 25, -18, 2000], [42, 132, 19, -12, 2100], [50, 134, -1, -12, 2000], [54, 132, 11, 24, 1900], [-83, 119, -28, 12, 2100], [66, 129, 26, 24, 1700], [130, 67, -38, 18, 1500], [22, 149, 13, 12, 2100], [-110, 106, -46, 18, 1400], [37, 150, 35, 24, 1500], [-151, 58, -44, 12, 1800], [-133, 108, 16, 18, 1500], [-151, 65, -51, 12, 1700], [21, 169, 39, 24, 1400], [162, 74, -8, 24, 1700], [163, 72, -40, 24, 1700], [138, 159, -68, -18, 1600], [144, 159, -56, -12, 1800], [138, 159, -80, -18, 1700], [143, 155, -80, -12, 2100], [149, 157, -77, -12, 1800], [32, 216, -120, 12, 1300], [144, 229, 32, 12, 1800], [149, 226, 50, 18, 2100], [138, 232, 55, 12, 2300], [130, 238, 48, 24, 1700], [126, 247, 37, 18, 2200], [116, 249, 55, 12, 2400], [96, 262, 51, 18, 1800], [92, 264, 47, 12, 2400], [140, 248, 65, 12, 1800], [130, 264, -27, 12, 1900], [190, 231, -7, 12, 1300], [37, 293, 67, 12, 1500], [-216, 212, 25, 24, 1500], [-238, 194, 21, 18, 1700], [108, 279, 68, 12, 1600], [-236, 198, -2, 24, 1600], [42, 327, 26, 24, 1400], [201, 272, 9, -18, 1800], [-327, 85, 35, -12, 2800], [-307, 143, -16, 12, 2100], [-307, 131, 80, 18, 1500], [253, 226, -45, -18, 1600], [-321, 118, 31, -12, 3100], [-314, 138, -20, 12, 1900], [216, 269, 29, -12, 3100], [225, 265, 47, -18, 2200], [220, 272, 23, -12, 2900], [220, 277, -10, -18, 2100], [208, 286, 2, -12, 2000], [88, 343, 12, 12, 1600], [219, 274, -73, -18, 1800], [203, 274, -110, -12, 1600], [226, 193, -206, -18, 1200], [120, 337, -77, -12, 1600], [5, 361, 57, 24, 1700], [204, 308, -19, -12, 1500], [57, 435, -25, 12, 2000], [48, 436, 69, 18, 2100], [395, 202, -21, 12, 2200], [433, 69, 89, 18, 1900], [401, 199, 5, 12, 2100], [-434, 92, 86, 12, 1900], [-524, 458, 50, 12, 1800], [-507, 467, 130, 12, 1600]]",91
2025-04-02 16:26:49.464,"[[42, 73, 2, 12, 2700], [38, 73, 20, 24, 3100], [44, 76, 14, 12, 3100], [41, 76, 22, 24, 3100], [42, 80, 22, 12, 3100], [43, 79, 23, 24, 3100], [45, 82, 24, 18, 3100], [46, 85, -10, -12, 2100], [35, 88, 19, 12, 3100], [46, 81, 25, 24, 3100], [45, 86, 24, 18, 3100], [32, 94, -15, -12, 2300], [17, 98, 11, 12, 3100], [77, 67, 20, 18, 2500], [18, 103, -8, -18, 1700], [-1, 103, -15, -12, 1600], [19, 102, 12, 12, 3100], [63, 88, -7, -18, 2300], [30, 103, -18, -12, 2000], [28, 104, 8, 12, 3100], [60, 95, -8, -18, 2100], [30, 108, 3, 12, 3100], [50, 104, 12, 18, 1500], [43, 102, -35, -12, 2000], [20, 115, -1, 12, 1900], [31, 116, -3, 18, 2000], [34, 114, 11, -12, 1800], [22, 117, -11, 12, 2200], [36, 105, -56, 18, 2200], [21, 119, -27, 12, 2300], [50, 93, -73, 18, 2000], [51, 115, 25, -18, 2600], [34, 122, 19, -12, 2400], [13, 32, -124, 12, 2200], [46, 122, 21, -18, 2400], [30, 128, 8, -12, 1900], [42, 123, 20, -24, 1700], [49, 125, 21, -18, 2300], [51, 124, 24, -12, 2200], [18, 95, -96, 12, 2200], [-63, 124, 8, 18, 1800], [49, 129, 19, -18, 2600], [51, 128, 17, -12, 2500], [46, 135, 13, -18, 2400], [52, 133, 10, -12, 2300], [98, 76, -71, 12, 2000], [51, 138, 5, -18, 1900], [72, 127, 16, 30, 1500], [67, 131, -2, -12, 1900], [108, 61, -80, 12, 2100], [72, 119, -61, 18, 1700], [84, 123, 26, 30, 1200], [75, 123, -46, 12, 2100], [79, 128, 15, 24, 1100], [94, 124, 4, 30, 1500], [55, 142, -32, 12, 2200], [84, 131, 0, 24, 1500], [46, 151, 13, 18, 1900], [50, 103, -111, 12, 2100], [57, 151, 19, 18, 1900], [54, 103, -115, 12, 2200], [-143, 62, -62, 18, 2000], [145, 79, -23, 24, 1600], [-160, 62, -6, 12, 1500], [-174, 14, -24, 12, 1400], [96, 145, -20, 24, 1600], [-172, 16, -50, 12, 1700], [-177, 81, 17, 12, 1200], [-175, 90, 31, 12, 1600], [-127, 155, 30, 30, 1400], [-139, 147, 12, 36, 1400], [-176, 89, 44, 12, 1400], [132, 170, -33, -18, 1400], [141, 164, -48, -18, 2200], [141, 165, -43, -24, 2000], [146, 163, -52, -18, 2300], [147, 169, -21, -12, 1400], [147, 163, -52, -24, 2200], [46, 220, 48, 18, 1700], [155, 161, -52, -18, 2000], [161, 149, -67, -24, 1800], [35, 219, 57, 24, 2000], [41, 226, 42, 18, 1600], [51, 195, -147, 18, 1700], [44, 200, -149, 18, 1600], [-107, 165, -206, 18, 1900], [169, 228, -5, 12, 1400], [155, 241, 23, 12, 2000], [232, 178, 42, 18, 1700], [249, 158, 16, 12, 2100], [285, 83, 40, 30, 1600], [199, 218, 48, 36, 1600], [252, 160, 25, 12, 1600], [-21, 331, 41, 18, 2100], [77, 325, -17, 12, 1700], [171, 280, 64, 24, 1900], [10, 335, 43, 18, 2000], [212, 262, 30, -12, 2400], [5, 335, 71, 18, 1600], [185, 283, 52, -18, 1800], [217, 263, 29, -12, 2700], [-320, 118, -38, 12, 1600], [204, 273, 60, -18, 1800], [244, 245, 24, -12, 2600], [341, 78, -15, -12, 1900], [155, 317, 19, -12, 1700], [71, 367, 93, 24, 1700], [155, 356, 23, 42, 1400], [56, 385, 21, 30, 2000], [95, 370, 78, 24, 1700], [-21, 392, 9, 18, 1300], [247, 297, 71, 36, 1500], [88, 381, 39, 24, 1500], [159, 354, 61, 48, 1400], [-423, 45, 12, 18, 1800], [368, 206, 46, 12, 2000], [80, 421, 4, 18, 2100], [-408, 132, 12, 12, 2200], [331, 296, 98, 42, 1500], [30, 463, 57, 12, 1600], [8, 467, 56, 12, 2200], [217, 415, 78, -12, 1600], [4, 473, 45, 12, 2200], [12, 477, 36, 12, 1900], [96, 467, 75, 12, 1900], [30, 473, 91, 24, 1900], [91, 465, 110, 12, 2100], [44, 473, 108, 24, 2000], [100, 471, 94, 12, 1700], [116, 613, 96, 18, 1700], [164, 600, 126, 18, 1700], [64, 725, 16, 18, 1800], [711, 147, 56, 12, 1700], [117, 722, 32, 18, 1700], [505, 548, 183, 36, 1600], [541, 537, 118, 36, 1700]]",136
2025-04-02 16:26:49.557,"[[50, 68, 8, 18, 2200], [47, 70, 5, 12, 2600], [48, 74, 9, 18, 3100], [48, 74, 6, 12, 3100], [50, 72, 11, 24, 2400], [42, 81, 15, 18, 3100], [45, 79, 19, 30, 3100], [47, 79, 9, 12, 3100], [39, 82, 16, 24, 3100], [39, 87, 19, 18, 3100], [41, 87, 7, 12, 3100], [38, 87, 18, 24, 3100], [39, 90, 20, 18, 3100], [44, 88, 20, 30, 3100], [13, 100, 1, -12, 2300], [36, 94, 1, 12, 3100], [39, 90, 19, 24, 3100], [40, 94, 20, 18, 3100], [44, 92, 20, 30, 3100], [8, 104, -5, -12, 3000], [13, 104, 0, 12, 3100], [40, 94, 20, 24, 3100], [42, 98, 18, 18, 3100], [42, 98, 18, 30, 2600], [44, 99, -5, -12, 3100], [19, 107, 6, 12, 3100], [45, 97, 20, 24, 3100], [40, 105, 0, -12, 3100], [13, 112, -6, 12, 2400], [13, 104, -51, 18, 2000], [60, 99, 12, -18, 2100], [34, 111, 7, -12, 3100], [46, 79, -73, 24, 1900], [50, 103, -36, 18, 2100], [72, 94, 17, -18, 2200], [79, 88, 14, -12, 2500], [33, 108, -40, 12, 2700], [46, 105, -35, 24, 1900], [64, 90, -57, 18, 2100], [81, 92, 15, -18, 1800], [-10, 123, 13, -12, 1900], [10, 123, -10, 12, 1900], [46, 110, -34, 24, 2100], [72, 75, -76, 18, 2400], [93, 87, -14, -12, 1500], [88, 85, -37, 12, 2700], [47, 100, -65, 24, 2100], [3, 117, -61, 18, 2100], [-61, 95, -69, 30, 1600], [72, 110, -5, -12, 1700], [89, 72, -66, 12, 2700], [61, 121, 2, -18, 1500], [-64, 99, -69, 30, 1400], [54, 125, 4, -12, 2200], [95, 74, -62, 12, 2100], [65, 119, 11, -24, 1600], [51, 130, 7, -12, 2100], [72, 122, 20, 18, 1600], [74, 122, 16, 12, 1600], [64, 131, 21, 18, 2100], [71, 129, 1, 30, 1900], [78, 124, 19, 36, 1600], [71, 128, 16, 12, 2100], [59, 135, 0, 24, 1900], [65, 136, 14, 18, 1900], [74, 132, 3, 30, 2100], [73, 133, 3, 12, 2100], [68, 135, 6, 24, 2100], [81, 132, -11, 30, 1900], [69, 139, -7, 36, 1900], [-99, 106, -57, 12, 1900], [73, 137, -13, 24, 2200], [-130, 90, -22, 18, 2000], [92, 129, -8, 36, 1500], [-105, 97, -70, 12, 1900], [37, 158, -19, 12, 1700], [42, 161, -16, 12, 1700], [-125, 112, 3, 24, 1300], [-13, 172, -45, 18, 1700], [-2, 177, -24, 24, 1600], [171, 52, -39, 24, 1300], [81, 185, -9, 12, 1400], [92, 184, -5, 12, 2100], [-121, 165, 26, 48, 1700], [-118, 173, 22, 42, 1200], [-18, 209, -13, 12, 2000], [-105, 175, 49, 48, 1700], [143, 147, -83, -30, 1700], [139, 159, -68, -24, 1600], [144, 154, -79, -30, 1400], [106, 268, 4, 24, 1300], [96, 272, 48, 30, 1500], [-247, 162, -11, 18, 1500], [84, 281, 33, 30, 1700], [-280, 70, -109, 24, 1100], [23, 317, 54, 18, 1500], [-299, 111, 58, 12, 1800], [249, 205, 54, 42, 1500], [38, 318, 65, 18, 1600], [48, 319, 52, 12, 1900], [257, 202, 51, 42, 1400], [186, 277, 1, -18, 1600], [73, 421, 34, 24, 1600], [-429, 52, 30, 24, 1500], [119, 410, 86, 24, 1400], [119, 419, 62, 24, 1400], [34, 453, 109, 12, 2000], [1, 457, 114, 12, 2000], [-11, 461, 113, 12, 1300], [41, 472, 66, 12, 1600], [454, 146, 77, 12, 1900], [153, 458, 108, 12, 1500], [514, 559, 1, 60, 1300], [559, 542, 25, 60, 1500]]",114
2025-04-02 16:26:49.653,"[[51, 73, 0, 18, 2600], [47, 75, 6, 30, 2600], [44, 76, 16, 36, 1800], [51, 73, -2, 12, 2100], [50, 78, 1, 18, 3100], [56, 74, 5, 30, 3100], [50, 77, 14, 36, 2700], [59, 72, -7, 12, 2700], [54, 75, 7, 24, 3100], [48, 82, 21, 42, 3100], [46, 85, 4, 18, 3100], [45, 83, 20, 30, 3100], [52, 79, 20, 54, 2500], [48, 82, 20, 36, 3100], [43, 86, -9, 12, 3100], [42, 86, 15, 24, 3100], [50, 80, 21, 48, 3100], [47, 87, 19, 30, 3100], [49, 85, 21, 36, 3100], [36, 94, -5, 12, 3100], [43, 89, 17, 24, 3100], [49, 90, 20, 30, 3100], [51, 88, 22, 36, 3100], [31, 100, 1, 12, 3100], [53, 92, 23, 42, 3100], [39, 101, 7, 18, 3100], [51, 93, 22, 30, 3100], [22, 106, -8, -12, 3000], [52, 92, 23, 36, 3100], [28, 105, 5, 12, 3100], [49, 94, 23, 24, 3100], [55, 90, 25, 48, 3000], [50, 100, 12, 18, 3000], [27, 109, -3, -12, 2600], [52, 98, 19, 36, 2600], [11, 112, 3, 12, 3100], [63, 95, 22, 18, 2600], [-1, 116, -6, -12, 2100], [56, 101, 15, 36, 2200], [63, 97, -9, 12, 2800], [26, 55, -100, 24, 2000], [62, 99, 27, 42, 2100], [62, 102, 8, 18, 2400], [57, 106, 0, -18, 2000], [33, 115, 8, -12, 1400], [58, 105, -5, 12, 2900], [72, 99, 19, 42, 2200], [59, 109, 4, 18, 2600], [58, 109, 2, -18, 2600], [53, 111, 16, -12, 2200], [40, 117, -12, 36, 1400], [87, 93, 12, 42, 2000], [57, 114, 7, 18, 2600], [60, 113, 0, -18, 2600], [59, 113, 9, -12, 2200], [36, 110, -54, 12, 2700], [56, 115, -9, -24, 2000], [44, 120, 1, 24, 1500], [59, 117, -12, 18, 2200], [63, 116, -5, -18, 2000], [63, 116, -4, -12, 1800], [2, 120, -54, 12, 2500], [57, 119, -5, 24, 1800], [56, 116, 28, 48, 1800], [61, 121, -2, 18, 1900], [24, 133, -19, 12, 1900], [61, 122, -2, 24, 1700], [68, 122, -8, -12, 1700], [57, 126, 12, 12, 1900], [73, 123, 7, 12, 2000], [66, 130, -20, 18, 1800], [60, 132, 26, 30, 1600], [70, 130, -3, 12, 2000], [70, 134, -15, 18, 2000], [69, 134, -9, 12, 1900], [63, 140, -22, 18, 1800], [69, 138, -18, 12, 1700], [77, 141, -26, 12, 1600], [77, 115, -94, 12, 1400], [127, 237, 43, 36, 1700], [87, 261, -26, 42, 1400], [126, 242, 38, 36, 1800], [130, 168, -195, 66, 1400], [59, 281, 26, 12, 1700], [110, 246, -113, 42, 1500], [127, 190, -182, 36, 1600], [97, 275, 18, 12, 1700], [117, 265, -57, 42, 1700], [125, 254, -85, 36, 1300], [97, 275, 47, 12, 1400], [238, 181, 17, 42, 1500], [245, 159, 64, 48, 1400], [-2, 326, -21, 12, 1400], [191, 270, 8, -24, 1700], [163, 290, 32, -18, 1800], [142, 301, 30, -12, 2000], [208, 263, 47, -18, 2000], [176, 286, 41, -12, 2300], [269, 210, 25, -18, 1600], [193, 278, 49, -12, 1900], [340, 59, -25, -24, 1700], [56, 365, -23, 12, 1600], [68, 367, -11, 12, 1700], [236, 400, 115, 102, 1800], [222, 410, 123, 96, 1800], [30, 484, 46, 12, 2000], [427, 442, 124, 24, 2200], [-196, 590, 111, 30, 2200]]",108
2025-04-02 16:26:49.761,"[[46, 80, -7, 12, 2800], [47, 84, -5, 18, 3100], [37, 89, 8, 30, 1800], [53, 80, 10, 36, 2200], [49, 83, -12, 12, 3100], [39, 86, 20, 24, 2800], [52, 81, 8, 48, 2700], [49, 87, -11, 12, 3100], [50, 92, 2, 18, 3100], [47, 93, -7, 12, 3100], [47, 92, 18, 24, 3100], [51, 95, 5, 18, 3100], [49, 95, 14, 30, 3100], [57, 89, 23, 54, 2400], [16, 106, -15, -12, 2800], [58, 90, 16, 36, 3100], [39, 101, -1, 12, 3100], [50, 94, 17, 24, 3100], [58, 89, 19, 48, 3100], [61, 93, 11, 42, 2700], [12, 112, 8, 18, 2800], [53, 98, 10, 30, 2800], [63, 90, 21, 54, 2100], [15, 109, -23, -12, 2000], [60, 94, 12, 36, 3000], [27, 108, -12, 12, 3100], [54, 96, 21, 24, 2800], [61, 93, 18, 48, 2800], [62, 98, -3, 42, 1800], [76, 84, 27, 66, 2000], [56, 102, -3, 30, 2600], [48, 104, -21, -12, 1900], [57, 101, -2, 36, 2600], [18, 113, -24, 12, 3100], [62, 98, -10, 24, 2400], [58, 105, -2, 42, 1900], [74, 89, 30, 66, 1800], [61, 103, -1, -18, 1900], [55, 106, -11, 30, 2400], [52, 108, -4, -12, 2000], [57, 105, -5, 36, 2500], [28, 103, -55, 12, 2800], [66, 98, -20, 24, 2500], [4, 119, -34, 18, 2100], [62, 107, -1, -18, 2500], [56, 109, -19, 30, 1900], [53, 112, -3, -12, 2300], [62, 107, -6, 36, 2000], [49, 96, -61, 12, 2500], [74, 92, -36, 24, 2000], [67, 109, 0, -18, 2400], [62, 112, -1, -12, 2200], [56, 104, -50, 12, 2700], [49, 123, 2, 18, 1900], [73, 110, 0, -18, 2000], [66, 114, 4, -12, 1800], [45, 100, -74, 36, 1400], [59, 116, -23, 12, 2400], [54, 89, -88, 36, 1400], [61, 120, -20, 12, 2100], [55, 125, -29, 12, 1900], [38, 116, -76, 12, 2200], [67, 131, -4, 24, 1600], [3, 151, -17, 12, 2300], [77, 130, -14, 24, 1500], [76, 135, -10, 12, 2600], [90, 130, -12, 12, 2300], [98, 129, -11, 12, 2000], [90, 140, -14, 12, 1900], [36, 167, -12, 12, 2000], [25, 170, -35, 12, 2100], [48, 166, -46, 12, 1900], [55, 171, -35, 12, 1700], [40, 178, -38, 12, 1700], [1, 188, 29, 12, 1400], [-149, 125, 17, 12, 1600], [90, 176, -7, 12, 1700], [78, 185, -26, 12, 1600], [90, 183, -27, 12, 1600], [106, 180, -20, 12, 1600], [129, 165, -41, 12, 1600], [81, 199, 30, 54, 1000], [127, 165, -64, 12, 1500], [62, 207, 49, 42, 2400], [75, 205, 35, 54, 1600], [78, 203, 42, 36, 1700], [41, 218, 40, 42, 2400], [72, 210, 37, 54, 1500], [122, 187, 30, 36, 1600], [50, 212, 57, 48, 2500], [34, 221, 52, 48, 2000], [140, 186, -5, -12, 1900], [62, 225, -1, 12, 1800], [125, 199, -30, -12, 2000], [59, 213, -85, 12, 1700], [147, 230, 60, 30, 2100], [136, 237, 58, 24, 1900], [133, 241, -69, 42, 1600], [150, 236, 45, 30, 2000], [147, 238, 45, 24, 1800], [-71, 268, -79, 42, 2000], [162, 237, 17, 30, 1500], [-86, 215, -172, 48, 1600], [-80, 258, -111, 42, 2100], [259, 75, -131, 12, 1400], [293, 72, -61, 12, 1600], [-281, 127, -50, 12, 1600], [120, 223, -188, 42, 1900], [126, 235, -168, 36, 1800], [-255, 156, -104, 12, 1600], [215, 260, 23, -18, 2000], [219, 255, 41, -12, 2200], [168, 297, -26, -18, 1700], [203, 272, 45, -12, 2000], [213, 268, 55, -12, 1400], [237, 257, 13, -30, 1900], [244, 255, 14, -30, 2000], [279, 213, 48, -24, 1700], [213, 287, 12, 12, 1400], [29, 367, 31, 12, 1900], [46, 370, 21, 12, 2000], [62, 367, -65, 12, 1600], [80, 384, -11, 30, 1600], [22, 382, 90, 12, 1000], [97, 370, -88, 24, 1800], [110, 375, -69, 24, 1500], [380, 320, 35, 12, 1500], [15, 491, 105, 18, 1600], [414, 257, 121, 24, 1200], [73, 553, 59, 12, 1700], [110, 550, 63, 12, 1700], [113, 556, 31, 12, 1600], [234, 639, 133, 18, 1700], [219, 722, 89, 12, 1700]]",134
2025-04-02 16:26:49.863,"[[37, 84, 10, 18, 1800], [22, 90, -12, -12, 1600], [39, 84, 4, 12, 2100], [59, 77, -2, 54, 2800], [27, 93, -9, -12, 2600], [58, 77, -2, 60, 1900], [48, 84, -11, 12, 3100], [59, 77, -3, 48, 2600], [58, 82, 2, 42, 2000], [41, 91, 12, 18, 3100], [26, 97, -8, -18, 2200], [42, 90, 12, 30, 1800], [60, 80, -1, 54, 3100], [26, 97, -9, -12, 3100], [62, 79, -1, 60, 2400], [47, 89, 6, 12, 3100], [40, 92, 7, 24, 2700], [60, 81, 0, 48, 3100], [43, 94, 11, 18, 3100], [27, 101, -8, -12, 3100], [46, 93, 9, 12, 3100], [45, 98, 11, 18, 3100], [27, 105, -7, -12, 3100], [46, 97, 11, 12, 3100], [62, 92, 15, 42, 3100], [47, 101, 13, 18, 3100], [20, 110, -9, -18, 2300], [81, 73, 25, 30, 1900], [27, 109, -6, -12, 3100], [63, 92, 16, 36, 3000], [52, 99, 11, 12, 3100], [53, 98, 16, 24, 2400], [63, 92, 13, 48, 2900], [65, 95, 16, 42, 2800], [43, 106, -19, 18, 3000], [75, 88, 2, 30, 2400], [24, 112, 19, -12, 1700], [65, 95, 18, 36, 2400], [36, 106, -31, 12, 3100], [65, 97, -1, 24, 3100], [63, 97, 14, 48, 2200], [70, 96, 13, 42, 2600], [50, 109, -9, 18, 3100], [69, 98, -3, 30, 2900], [39, 112, -18, -12, 1800], [41, 112, -16, 12, 3100], [65, 101, -6, 24, 3100], [74, 91, 24, 48, 2800], [72, 97, 27, 42, 3100], [61, 108, -8, 18, 2600], [60, 108, -9, 30, 2800], [73, 95, 31, 54, 3100], [63, 106, 0, 12, 3000], [58, 109, -12, 24, 2700], [73, 95, 30, 48, 3100], [75, 99, 32, 42, 3100], [73, 104, -6, 18, 2000], [66, 109, -9, 30, 2100], [73, 100, 32, 54, 3100], [64, 111, 4, 36, 1900], [78, 101, -3, 12, 3000], [67, 108, -7, 24, 2100], [74, 100, 31, 48, 3100], [76, 102, 33, 42, 3100], [78, 105, -12, 30, 1900], [74, 104, 32, 60, 2200], [-13, 130, -20, 12, 2700], [76, 107, -15, 24, 1900], [74, 104, 33, 48, 3100], [76, 108, 32, 54, 3100], [82, 104, 29, 60, 2500], [63, 119, -15, 12, 2400], [81, 108, 33, 54, 2500], [89, 102, 32, 60, 2500], [67, 118, -32, 12, 2200], [101, 95, 36, 60, 2100], [71, 107, -64, 12, 2200], [64, 108, -78, 12, 2400], [56, 84, -113, 18, 1600], [64, 111, -81, 12, 2100], [77, 103, -81, 24, 1500], [74, 137, 0, 12, 1800], [70, 114, -79, 24, 1600], [64, 122, -80, 12, 1700], [83, 111, -94, 12, 1600], [80, 138, -61, 12, 1600], [56, 163, -31, 18, 1500], [52, 161, -45, 12, 1700], [57, 169, 0, 18, 1600], [39, 173, -15, 12, 1700], [59, 140, -101, 18, 1700], [55, 182, -5, 12, 1800], [99, 166, 22, 18, 1600], [73, 180, 5, 12, 1600], [101, 170, 8, 18, 1600], [71, 207, 54, 36, 1700], [55, 218, 15, 12, 1700], [60, 219, 30, 12, 2000], [157, 145, -94, -12, 1400], [83, 210, 60, 48, 1800], [89, 213, 50, 66, 1500], [44, 233, 5, 18, 1600], [145, 172, -76, -12, 1800], [42, 232, -25, 12, 2000], [54, 224, 53, 24, 1500], [91, 219, 42, 66, 2000], [40, 238, 3, 18, 1600], [94, 220, 27, 72, 1900], [88, 225, 38, 66, 1800], [88, 224, 44, 72, 1900], [135, 242, 60, 18, 1900], [130, 254, 37, 18, 2000], [170, 273, -25, 42, 2000], [184, 265, -18, 48, 1900], [152, 284, -57, 42, 2100], [236, 122, -191, 30, 1700], [159, 263, -112, 36, 1500], [78, 314, 45, 24, 2000], [127, 305, -12, 42, 1700], [95, 315, -32, 18, 2400], [135, 301, 24, 36, 1700], [84, 320, -5, 24, 2100], [211, 240, -86, 48, 1400], [93, 297, -124, 18, 2600], [25, 332, 33, -12, 1900], [126, 307, -46, 12, 2200], [336, 152, -31, 12, 1800], [16, 373, 13, 18, 1300], [345, 142, 20, 12, 2200], [359, 111, 29, 12, 1900], [195, 337, 8, 12, 1900], [187, 345, -18, 12, 1900], [184, 352, 8, 12, 1900], [235, 324, 16, 12, 1700], [397, 286, 128, 12, 2000], [297, 390, 124, 24, 2100], [337, 377, 67, 18, 2000], [400, 315, 24, 12, 1700], [278, 425, 40, 24, 1700], [-87, 498, -114, 18, 1500], [10, 517, 22, 12, 1500], [458, 276, 51, -60, 1800]]",142
2025-04-02 16:26:49.965,[],0
2025-04-02 16:26:50.061,"[[46, 85, -5, 18, 3100], [50, 83, -7, 12, 3100], [48, 88, -7, 18, 3100], [52, 85, -9, 12, 3100], [45, 90, -2, 24, 2400], [73, 74, -5, 66, 2100], [49, 92, -6, 18, 3100], [49, 92, 9, 30, 2500], [34, 99, 1, -12, 1500], [47, 93, 9, 36, 1700], [55, 88, -9, 12, 3100], [71, 76, -5, 72, 2100], [71, 82, -5, 66, 3100], [48, 97, -2, 18, 3100], [73, 80, -8, 78, 2100], [65, 86, -3, 54, 1500], [32, 103, -3, -12, 1500], [47, 97, 12, 36, 1800], [73, 80, -4, 60, 2500], [57, 92, -7, 12, 3100], [70, 82, -6, 72, 3100], [56, 92, -11, 24, 2500], [71, 87, -2, 66, 3100], [38, 106, 7, 18, 3100], [74, 84, -9, 78, 2500], [47, 99, 23, 30, 2300], [67, 90, 5, 54, 2100], [52, 96, -26, -12, 1500], [26, 107, 21, 36, 1400], [71, 87, 3, 60, 3100], [52, 99, 9, 12, 3100], [72, 86, -6, 72, 3100], [68, 89, 6, 48, 1600], [73, 90, 5, 42, 1900], [71, 92, 3, 66, 3100], [-4, 111, -35, 18, 2800], [76, 88, -9, 78, 2200], [63, 97, -8, 30, 1800], [67, 94, 13, 54, 2200], [63, 90, -37, -12, 1800], [71, 92, 9, 60, 3100], [50, 100, -33, 12, 2700], [73, 90, -3, 72, 3100], [60, 99, -5, 24, 2800], [69, 93, 9, 48, 2700], [73, 95, 3, 42, 2600], [8, 116, -30, 18, 2800], [69, 98, -5, 30, 2500], [64, 100, 16, 54, 2200], [72, 95, 15, 60, 2900], [36, 111, -27, 12, 3100], [70, 97, 6, 72, 1800], [62, 102, -11, 24, 3100], [70, 97, 11, 48, 3100], [74, 99, 2, 42, 2700], [14, 122, -14, 18, 3100], [13, 123, -11, 30, 2400], [68, 103, 9, 54, 2200], [67, 104, 0, 36, 2100], [31, 118, -20, 12, 3100], [52, 111, -17, 24, 3100], [73, 100, 7, 48, 3000], [74, 104, 1, 42, 2500], [26, 123, -22, 30, 1800], [73, 105, -2, 54, 2300], [63, 111, 1, 36, 2100], [15, 125, -21, 12, 2800], [31, 123, -18, 24, 2900], [76, 103, 1, 48, 2800], [71, 111, 3, 42, 2100], [81, 103, 13, 66, 1700], [31, 103, -77, 18, 2800], [80, 103, 17, 54, 3000], [61, 117, 0, 36, 2200], [83, 100, 21, 60, 3000], [36, 56, -115, 12, 2800], [35, 121, -40, 24, 2200], [71, 111, -1, 48, 2600], [74, 114, 2, 42, 1800], [88, 102, 19, 66, 2300], [41, 100, -83, 18, 2500], [86, 101, 27, 54, 3100], [66, 117, -20, 36, 2000], [86, 102, 27, 60, 3100], [64, 84, -86, 12, 2300], [24, 95, -95, 24, 1600], [67, 117, 16, 48, 2500], [73, 110, -44, 42, 1600], [90, 103, 26, 66, 2500], [51, 113, -64, 18, 2500], [87, 104, 31, 54, 3100], [63, 110, -58, 36, 1700], [87, 104, 30, 60, 3100], [83, 108, 28, 48, 2400], [94, 104, 30, 66, 2400], [49, 121, -60, 18, 2600], [89, 107, 35, 60, 3100], [55, 118, -60, 12, 2600], [102, 102, 32, 66, 2300], [49, 123, -65, 18, 2600], [105, 102, 18, 78, 1900], [57, 117, -70, 12, 3000], [108, 98, 16, 72, 2000], [106, 105, 27, 66, 2000], [59, 117, -76, 18, 2400], [109, 103, 21, 78, 2200], [104, 104, 34, 60, 2200], [63, 113, -78, 12, 3000], [109, 103, 18, 72, 2400], [-16, 149, -23, 24, 1500], [6, 153, -27, 18, 2000], [80, 132, -18, 36, 1400], [76, 109, -81, 12, 2500], [110, 108, 21, 72, 2000], [35, 150, -18, 24, 2000], [42, 153, -13, 18, 2500], [50, 149, -24, 24, 2100], [63, 148, -24, 18, 2200], [79, 142, -7, 30, 1400], [55, 152, -23, 12, 1800], [69, 145, -27, 24, 1700], [81, 140, -40, 18, 1500], [82, 142, -31, 24, 1400], [103, 146, -40, 12, 1800], [-96, 154, -44, 30, 1400], [40, 184, -28, 18, 1700], [76, 179, 2, 30, 1700], [82, 174, 30, 24, 1600], [72, 183, -16, 30, 1900], [91, 175, -10, 24, 1900], [-130, 154, -18, 12, 1600], [85, 175, -69, 18, 1400], [127, 161, -19, 12, 1600], [141, 155, -73, 12, 1600], [68, 278, 58, 18, 1600], [56, 290, 15, 18, 2200], [178, 165, -176, -12, 1700], [126, 297, 14, 12, 2200], [89, 314, 21, 12, 2700], [206, 427, 14, 12, 2300], [181, 440, 56, 12, 2200], [327, 364, 33, 12, 1400], [404, 297, -21, 12, 1700], [280, 422, -59, 12, 1700], [239, 464, -6, 12, 1600], [-203, 527, -68, 12, 1200]]",146
2025-04-02 16:26:50.162,"[[33, 87, -2, 12, 1800], [39, 89, -1, 18, 2600], [37, 90, 3, 12, 2900], [39, 92, 1, 18, 3100], [44, 90, 4, 30, 2000], [36, 94, 2, 12, 3100], [47, 89, -2, 24, 3000], [44, 94, 10, 42, 1900], [39, 97, 0, 18, 3100], [47, 93, 4, 30, 3000], [48, 92, 8, 36, 2400], [37, 98, 1, 12, 3100], [48, 93, -1, 24, 3100], [42, 99, 15, 42, 1700], [38, 101, -1, 18, 3100], [50, 96, 2, 30, 3100], [51, 95, 6, 36, 2600], [37, 102, -2, 12, 3100], [49, 96, -1, 24, 3100], [39, 105, -5, 18, 2800], [54, 98, -2, 30, 2800], [56, 97, 2, 36, 2200], [38, 104, -21, 12, 3100], [50, 100, -4, 24, 3100], [73, 90, 6, 90, 2100], [79, 85, -8, 114, 1800], [50, 104, -11, 18, 2600], [80, 85, -7, 126, 2800], [68, 92, -22, 30, 1800], [80, 84, -8, 132, 1700], [78, 86, -3, 108, 2000], [60, 88, -46, 12, 2700], [79, 85, -7, 120, 3100], [54, 102, -16, 24, 2500], [73, 90, 6, 96, 2000], [75, 93, 8, 90, 2600], [51, 106, -22, 18, 2800], [80, 89, -7, 126, 3100], [22, 93, -74, 30, 2200], [64, 101, -8, 54, 1600], [78, 91, 2, 102, 2200], [73, 95, 8, 84, 2100], [79, 89, -7, 132, 2400], [54, 105, -21, 36, 2000], [79, 90, -2, 108, 2800], [63, 101, -15, 12, 2600], [79, 89, -6, 120, 3100], [71, 95, -16, 24, 2400], [65, 100, -3, 48, 1500], [75, 93, 8, 96, 2300], [78, 96, 11, 90, 2300], [80, 94, -4, 114, 3100], [51, 110, -26, 18, 2600], [80, 94, -6, 126, 3100], [35, 93, -74, 30, 2100], [69, 102, -12, 54, 1800], [80, 94, 0, 102, 2000], [76, 97, 13, 84, 2000], [81, 94, -6, 132, 2300], [59, 104, -34, 36, 1800], [80, 94, -3, 108, 2700], [64, 104, -19, 12, 2700], [80, 94, -5, 120, 3100], [62, 105, -23, 48, 1600], [77, 97, 10, 96, 1900], [80, 99, -5, 114, 2800], [-89, 91, -14, 18, 2300], [83, 96, 15, 78, 1600], [79, 101, -2, 126, 2800], [80, 99, 15, 84, 1800], [80, 99, 0, 132, 1800], [69, 104, -30, 12, 2400], [79, 101, -3, 120, 3000], [77, 104, -24, 114, 1700], [63, 106, -47, 12, 1900], [67, 111, -24, 120, 1800], [69, 105, -51, 18, 1200], [24, 120, -59, 30, 1600], [15, 132, -31, 36, 1600], [47, 113, -60, 12, 1700], [86, 74, -76, 24, 1700], [89, 104, 24, 66, 2000], [60, 103, -74, 18, 2300], [94, 100, 24, 78, 2600], [12, 131, -47, 30, 1800], [14, 136, -29, 36, 1800], [93, 102, 22, 72, 2900], [67, 91, -83, 24, 2200], [93, 107, 23, 66, 2600], [52, 113, -72, 18, 2500], [96, 103, 24, 78, 3100], [97, 104, 16, 84, 1900], [96, 104, 24, 72, 3100], [55, 109, -76, 24, 2500], [95, 108, 28, 66, 2600], [37, 141, -25, 18, 2000], [99, 106, 28, 78, 3100], [40, 133, -51, 30, 1600], [101, 105, 22, 84, 2200], [99, 106, 28, 72, 3100], [34, 136, -46, 24, 2400], [96, 110, 38, 66, 2000], [52, 137, -39, 18, 2000], [102, 106, 34, 78, 3100], [39, 134, -59, 30, 1800], [102, 107, 29, 84, 2100], [101, 107, 36, 72, 3100], [18, 142, -50, 24, 2100], [83, 118, -58, 18, 1900], [106, 106, 38, 78, 2800], [-91, 85, -95, 30, 1500], [109, 106, 32, 84, 1800], [64, 138, -32, 12, 2100], [11, 108, -112, 24, 1500], [118, 101, -33, 18, 1400], [78, 135, -30, 12, 1600], [131, 90, -4, 72, 1800], [-108, 109, -45, 24, 1400], [93, 126, -45, 66, 1700], [86, 127, -55, 78, 1900], [85, 129, -52, 72, 2100], [103, 118, -46, 24, 1400], [91, 134, -38, 66, 1400], [88, 138, -31, 78, 1600], [26, 165, 1, 30, 1800], [36, 162, 14, 36, 1200], [83, 142, -32, 72, 1800], [43, 156, -54, 36, 1400], [44, 131, -108, 18, 1500], [71, 153, -46, 30, 1500], [81, 144, -59, 24, 1500], [-131, 111, -115, 24, 1300], [-131, 163, -26, 24, 1300], [143, 158, -40, 24, 1600], [16, 229, -9, 12, 1400], [172, 160, -29, 18, 1600], [256, 183, -6, 12, 2500], [254, 193, 5, 18, 2600], [256, 190, -2, 12, 3000], [255, 198, 4, 18, 2400], [259, 192, 4, 12, 2800], [272, 181, 14, 12, 1800], [-188, 282, 9, -12, 1900], [211, 270, 11, -12, 1700], [255, 224, 69, 12, 1300], [248, 309, 23, 24, 1500], [363, 164, 48, 24, 1500], [236, 375, 21, 18, 1500], [200, 391, 62, 12, 2100], [304, 395, -15, 12, 1700], [283, 415, 16, 12, 2000], [3, 529, -32, 12, 1600], [123, 535, -17, 12, 1500]]",153
2025-04-02 16:26:50.259,"[[56, 83, -6, 42, 2600], [47, 88, -5, 18, 2700], [46, 89, -1, 30, 3100], [50, 87, -4, 36, 3100], [48, 88, -5, 24, 3100], [57, 87, -7, 42, 3100], [51, 91, -5, 18, 3100], [50, 92, -3, 30, 3100], [55, 88, 9, 54, 2100], [54, 89, -5, 36, 3100], [51, 91, -6, 24, 3100], [52, 90, -2, 48, 2600], [59, 90, -6, 42, 3100], [53, 93, 13, 66, 2000], [54, 94, -5, 18, 3100], [53, 94, -3, 30, 3100], [56, 92, 11, 54, 3100], [58, 92, -6, 36, 3100], [54, 93, 12, 60, 2500], [57, 92, -9, 12, 2100], [54, 94, -6, 24, 3100], [51, 96, 4, 48, 3000], [62, 94, -6, 42, 3100], [57, 96, 12, 66, 2200], [58, 96, -9, 18, 3100], [58, 95, -12, 30, 3100], [58, 95, 12, 54, 3100], [63, 93, -8, 36, 3100], [56, 96, 13, 60, 2800], [60, 94, -18, 12, 2900], [58, 95, 11, 72, 1600], [58, 96, -10, 24, 3100], [51, 99, 9, 48, 3100], [64, 96, -12, 42, 2500], [61, 99, 11, 66, 2100], [63, 96, -20, 18, 2900], [72, 77, -50, 30, 3100], [73, 74, -52, 36, 2800], [58, 100, 14, 60, 2400], [62, 96, -21, 12, 3100], [65, 92, -31, 24, 2800], [53, 103, 12, 48, 2700], [58, 103, -19, 42, 2100], [66, 97, -27, 18, 2900], [74, 83, -45, 30, 3100], [63, 98, 26, 54, 1700], [75, 83, -44, 36, 2900], [59, 103, 15, 60, 1500], [65, 98, -25, 12, 3100], [68, 93, -35, 24, 3000], [50, 109, 1, 48, 1800], [34, 114, -36, 42, 1800], [68, 99, -30, 18, 2600], [67, 99, -33, 12, 2600], [87, 94, 3, 138, 2000], [71, 99, -39, 18, 1900], [79, 92, -40, 30, 2200], [86, 94, 0, 150, 2100], [41, 100, -69, 36, 1600], [71, 100, -37, 24, 2200], [86, 94, 2, 144, 2300], [87, 99, 3, 138, 2900], [87, 99, 5, 126, 2000], [87, 99, 0, 150, 2800], [87, 99, -1, 156, 2000], [87, 99, 1, 144, 3100], [88, 103, 3, 138, 3000], [88, 104, 5, 126, 2100], [88, 103, 2, 150, 3000], [88, 103, 5, 132, 2600], [88, 104, -1, 156, 1700], [89, 103, 2, 144, 3100], [89, 107, 3, 138, 2500], [88, 108, 6, 126, 1700], [89, 107, 7, 150, 2300], [88, 108, 7, 132, 2000], [90, 107, 4, 144, 2800], [54, 125, -46, 36, 1600], [65, 111, -72, 30, 2100], [99, 108, 13, 102, 1700], [70, 116, -60, 36, 1800], [54, 128, -51, 24, 1700], [64, 129, -47, 18, 1800], [106, 107, 15, 102, 2700], [101, 96, -59, 36, 1900], [105, 107, 16, 108, 1800], [58, 115, -79, 24, 1900], [106, 107, 19, 96, 2600], [109, 108, 24, 90, 2000], [65, 129, -58, 18, 1900], [-15, 146, -51, 30, 2000], [109, 109, 18, 102, 3000], [115, 92, -49, 36, 1800], [110, 108, 19, 108, 2100], [56, 126, -73, 24, 1800], [109, 108, 22, 96, 3000], [111, 109, 29, 90, 2100], [112, 110, 24, 102, 2700], [110, 112, 19, 108, 1800], [112, 110, 26, 96, 2900], [114, 112, 29, 102, 2200], [114, 112, 31, 96, 2300], [118, 144, -14, 84, 1900], [79, 153, -90, 30, 1500], [79, 159, -79, 36, 1400], [64, 162, -94, 30, 2000], [71, 170, -73, 36, 1600], [54, 168, -99, 30, 2000], [41, 210, 7, 18, 1700], [43, 212, 20, 18, 1700], [176, 153, 5, 18, 1800], [21, 231, 27, 30, 1800], [146, 169, -69, 12, 1800], [38, 234, -5, 18, 1700], [29, 234, 20, 30, 1900], [160, 165, -56, 12, 1600], [22, 240, -14, 30, 1600], [-242, 54, -30, 12, 1500], [52, 217, -201, 12, 2000], [261, 182, 14, 30, 2500], [260, 183, 23, 36, 2300], [242, 207, 9, 12, 2000], [268, 172, 12, 24, 1700], [243, 212, 8, 18, 1800], [258, 194, 11, 30, 2600], [254, 198, 23, 36, 2500], [245, 210, 8, 12, 2600], [264, 185, 15, 24, 1900], [241, 220, 14, 18, 1900], [-10, 453, 114, 18, 1400], [303, 344, 92, 12, 1800], [-12, 463, 83, 18, 2400], [311, 341, 93, 12, 2600], [-6, 468, 80, 18, 2600], [12, 473, 76, 18, 2400], [352, 316, 73, 12, 2400], [-27, 481, 94, 24, 1600], [380, 305, 80, 30, 1400], [-10, 488, 81, 24, 1500], [380, 321, 20, 30, 2000], [392, 314, 6, 30, 2000]]",141
2025-04-02 16:26:50.341,"[[54, 89, -4, 66, 2400], [54, 89, -3, 60, 2400], [57, 92, -5, 66, 3100], [56, 93, 4, 78, 3000], [57, 92, -6, 54, 2300], [53, 95, 3, 84, 1800], [57, 92, -5, 60, 3100], [55, 91, 19, 72, 1900], [60, 94, -13, 42, 1700], [60, 95, -6, 66, 3100], [57, 96, 4, 78, 3100], [60, 95, -5, 54, 2200], [60, 95, -5, 60, 3100], [62, 93, -15, 48, 2000], [65, 90, 16, 96, 1600], [67, 94, 16, 90, 2300], [64, 96, -17, 42, 2200], [65, 96, -10, 66, 2600], [61, 96, -25, 18, 2600], [59, 100, 7, 78, 2400], [62, 98, 11, 102, 2300], [65, 97, -6, 60, 2500], [61, 96, -27, 12, 2400], [52, 104, -6, 72, 1600], [62, 95, -24, 24, 2200], [64, 96, -18, 48, 2700], [67, 94, 10, 96, 2200], [71, 95, 13, 90, 1800], [67, 92, -39, 66, 2000], [64, 97, -29, 18, 2800], [63, 98, -28, 30, 1600], [76, 89, -27, 54, 1800], [65, 100, 11, 102, 2500], [70, 95, -19, 60, 2600], [62, 98, -30, 12, 2400], [64, 97, -29, 24, 2200], [65, 99, -18, 48, 2600], [69, 98, 7, 96, 2200], [66, 100, -29, 42, 1900], [81, 72, -60, 66, 1700], [64, 100, -34, 18, 2000], [72, 95, -34, 54, 2600], [67, 103, 12, 102, 2000], [74, 93, -35, 60, 2800], [71, 95, -37, 24, 1500], [68, 103, 6, 96, 1700], [62, 106, -36, 42, 1800], [27, 125, -9, 78, 1600], [64, 108, -24, 30, 1800], [74, 100, -31, 54, 2800], [63, 108, -27, 36, 1900], [76, 97, -34, 60, 2800], [73, 98, -38, 48, 2100], [74, 104, -34, 42, 1800], [98, 81, -35, 66, 1900], [36, 127, -9, 78, 1700], [67, 112, -21, 30, 2100], [79, 102, -27, 54, 2400], [67, 110, -28, 36, 2300], [79, 103, -25, 60, 2600], [87, 94, -34, 48, 1800], [71, 104, -51, 66, 1900], [70, 114, -20, 30, 2100], [79, 102, -43, 54, 2100], [71, 112, -28, 36, 1900], [74, 104, -46, 60, 2300], [67, 117, -17, 24, 1700], [71, 119, -20, 30, 2200], [57, 118, -48, 54, 1700], [67, 97, -74, 60, 1700], [63, 123, -14, 12, 2100], [71, 119, -15, 24, 2200], [63, 127, -17, 18, 2000], [73, 121, -21, 30, 2000], [65, 127, -15, 12, 2500], [77, 120, -17, 24, 2100], [64, 131, -22, 18, 1700], [79, 122, -23, 30, 1500], [65, 131, -17, 12, 2300], [81, 122, -16, 24, 1600], [64, 128, -51, 54, 2000], [74, 132, -7, 24, 1600], [59, 129, -53, 48, 2200], [63, 129, -59, 54, 2300], [64, 127, -71, 54, 2000], [63, 129, -67, 48, 2100], [116, 114, 9, 138, 1800], [119, 116, 11, 138, 2100], [119, 116, 11, 132, 1900], [120, 120, 11, 138, 1700], [107, 142, -14, 90, 1700], [105, 149, -1, 90, 2200], [105, 149, -1, 84, 2000], [106, 148, 2, 96, 1700], [109, 151, 4, 90, 2100], [106, 153, 6, 84, 2000], [47, 212, 15, 36, 1300], [54, 223, 57, 48, 1900], [58, 228, 53, 48, 1600], [163, 207, -25, -12, 1300], [167, 208, -27, -12, 1400], [257, 193, 28, 18, 2600], [259, 191, 24, 12, 2100], [252, 200, 25, 24, 2300], [253, 205, 26, 18, 2800], [227, 235, 17, -18, 1800], [266, 189, -24, 60, 1700], [251, 208, 22, 12, 2300], [249, 210, 23, 24, 2400], [249, 217, 22, 18, 2300], [227, 240, 22, -18, 2600], [203, 261, 22, -12, 2100], [245, 221, 24, 12, 2100], [233, 235, 14, -24, 2300], [246, 220, 27, 24, 1800], [220, 251, 10, -30, 1800], [226, 246, 20, -18, 2800], [233, 239, 17, -24, 2500], [-60, 327, 38, 48, 1700], [222, 255, 18, -18, 2200], [229, 249, 13, -24, 2000], [217, 270, -18, -12, 1700], [63, 347, 31, 12, 1700], [65, 460, 99, 30, 1700], [51, 467, 92, 30, 1800], [61, 462, 112, 36, 1600], [348, 342, 100, 54, 1700], [332, 355, 108, 48, 1900], [-119, 486, 48, 42, 1600], [-238, 427, 116, 54, 1500], [-186, 463, 59, 48, 1900], [-55, 502, 37, 42, 1600], [-199, 463, 54, 54, 1600], [184, 465, 77, 36, 1400], [-129, 487, 54, 48, 1900]]",135
2025-04-02 16:26:50.438,"[[64, 92, 2, 114, 1800], [66, 96, 1, 114, 2900], [67, 95, 0, 126, 1900], [66, 96, 0, 108, 1700], [67, 95, 1, 120, 2900], [69, 98, 1, 114, 3100], [69, 98, -2, 126, 2300], [67, 99, -1, 108, 1800], [69, 98, 0, 120, 3100], [68, 100, -26, 42, 1900], [69, 99, -29, 66, 2000], [71, 101, 0, 114, 3000], [71, 101, 3, 126, 2200], [72, 101, 3, 132, 1800], [70, 98, -29, 60, 1800], [68, 99, -29, 72, 1800], [72, 101, 1, 120, 3100], [67, 102, -22, 48, 2100], [69, 106, -21, 90, 2100], [74, 104, -2, 138, 2000], [72, 102, -29, 66, 1900], [74, 104, -11, 114, 2300], [69, 104, -29, 78, 1700], [71, 105, -18, 126, 1900], [70, 102, -32, 84, 1800], [73, 104, -13, 132, 2200], [71, 102, -30, 72, 2000], [75, 103, -10, 120, 1900], [67, 105, -30, 48, 1800], [70, 109, -23, 90, 2100], [73, 109, -16, 138, 2400], [76, 104, -30, 114, 1800], [75, 103, -33, 78, 1700], [71, 109, -24, 126, 2400], [75, 103, -36, 84, 2100], [71, 108, -25, 132, 2600], [76, 103, -31, 72, 1800], [72, 108, -25, 120, 1800], [72, 113, -24, 138, 2400], [71, 113, -27, 126, 2200], [71, 112, -29, 132, 2500], [78, 108, -26, 120, 1800], [76, 116, -13, 90, 2100], [72, 116, -30, 138, 1700], [70, 120, -16, 42, 1800], [66, 122, -16, 30, 1700], [77, 116, -6, 84, 2100], [71, 116, -31, 132, 1700], [71, 119, -13, 60, 2000], [78, 116, -5, 96, 2100], [78, 119, -17, 90, 2600], [74, 122, -15, 42, 2500], [71, 123, -17, 30, 2400], [74, 123, -9, 54, 2000], [79, 119, -12, 102, 2000], [80, 118, -17, 84, 2600], [78, 119, -21, 60, 2300], [78, 116, -32, 48, 2100], [79, 119, -14, 96, 2600], [82, 120, -24, 90, 2500], [75, 125, -22, 30, 2500], [85, 119, -16, 54, 1400], [83, 121, -14, 102, 1900], [86, 116, -27, 84, 2300], [71, 127, -25, 36, 2300], [88, 115, -27, 60, 1800], [82, 119, -32, 48, 2100], [82, 120, -22, 96, 2400], [86, 123, -15, 42, 1700], [78, 127, -28, 30, 2100], [73, 130, -27, 36, 2200], [85, 121, -31, 48, 1500], [81, 130, -25, 30, 1600], [88, 119, -85, 30, 1700], [125, 118, -33, 96, 1700], [130, 124, -51, 30, 1700], [129, 131, -51, 30, 1900], [131, 125, -61, 24, 1700], [157, 144, -46, 54, 1600], [153, 149, -40, 48, 1600], [149, 161, -28, 48, 1600], [63, 228, 14, 102, 1300], [175, 147, -63, 24, 1500], [71, 230, 18, 102, 1800], [74, 229, 7, 108, 1700], [76, 232, 16, 102, 1700], [73, 233, 11, 108, 1700], [72, 234, 43, 108, 1400], [151, 277, 44, 60, 1500], [248, 206, 1, 18, 3000], [251, 202, 4, 30, 2000], [242, 213, 3, 12, 2500], [248, 207, 5, 24, 2600], [246, 215, 2, 18, 3100], [230, 232, 14, -18, 1900], [255, 204, 6, 30, 2700], [226, 236, 7, -12, 2100], [258, 200, 8, 36, 2400], [244, 217, 3, 12, 2900], [247, 214, 1, 24, 3100], [244, 223, 3, 18, 3100], [232, 236, 9, -18, 2400], [253, 213, 10, 30, 2500], [228, 239, 9, -12, 2400], [260, 204, 11, 36, 2300], [238, 229, 11, 12, 2400], [245, 222, 4, 24, 3000], [238, 235, 10, 18, 2200], [232, 240, 6, -18, 2100], [220, 251, 8, -12, 2000], [260, 209, 20, 36, 1500], [234, 238, 6, 24, 1900], [227, 251, 3, 18, 1600], [239, 240, -5, 12, 1800], [168, 296, 35, 12, 1600], [232, 372, 107, 12, 1700], [267, 374, 87, 12, 1700], [265, 377, 93, 12, 2200], [260, 385, 98, 12, 2200], [-23, 476, 45, 42, 1800], [-22, 475, 60, 48, 2000], [-48, 477, 62, 42, 1700], [-29, 478, 64, 48, 2000], [198, 512, 0, 12, 1300]]",124
2025-04-02 16:26:50.512,"[[73, 105, -8, 114, 1700], [74, 109, -9, 114, 2000], [74, 109, -9, 108, 1700], [74, 109, -10, 120, 2000], [76, 112, -11, 114, 1800], [75, 113, -11, 120, 1600], [80, 121, -28, 132, 1700], [82, 123, -33, 138, 1800], [83, 123, -31, 132, 2100], [86, 125, -34, 132, 1900], [100, 134, -34, 24, 1700], [115, 120, -55, 18, 2000], [104, 138, -26, 30, 1900], [112, 128, -41, 24, 2300], [129, 116, -41, 18, 2100], [114, 133, -33, 30, 2100], [62, 167, -4, 12, 1800], [120, 127, -35, 24, 2500], [148, 101, -36, 18, 1800], [123, 131, -30, 30, 2100], [133, 122, -25, 24, 2200], [136, 125, -28, 30, 1600], [110, 138, -60, 12, 1500], [148, 113, -13, 24, 1700], [141, 134, -54, 18, 1600], [152, 129, -51, 12, 1500], [154, 137, -42, 12, 1600], [148, 147, -47, 12, 1700], [178, 143, -63, 18, 1400], [176, 148, -57, -12, 1800], [187, 134, -55, 24, 1400], [194, 142, -14, 30, 1500], [179, 154, -50, -12, 1700], [271, 181, 25, 18, 1800], [239, 222, -14, 30, 1900], [251, 210, 7, 12, 2000], [224, 235, -36, 24, 1400], [255, 211, 7, 18, 2400], [231, 236, -5, 30, 2000], [246, 220, 19, 12, 2400], [219, 184, -167, 24, 1600], [250, 222, -6, 18, 2200], [219, 252, -4, 30, 1700], [262, 202, -49, -12, 2000], [261, 212, -35, -12, 2300], [259, 217, -11, 12, 2100], [263, 219, -18, -12, 1900], [257, 226, -12, 12, 2100], [255, 234, -2, 12, 1600], [340, 293, 49, 18, 1800], [296, 335, 63, 24, 1400], [272, 360, 57, 18, 1800], [277, 351, 85, 24, 1400], [-138, 451, 61, 18, 1600], [-194, 423, 95, 24, 1500], [108, 462, 64, 18, 1500], [293, 502, 128, 30, 1800], [297, 519, 38, 30, 2000], [290, 515, 102, 36, 1400]]",59
2025-04-02 16:26:50.634,"[[74, 113, -17, 42, 1900], [75, 112, -16, 30, 2200], [75, 112, -16, 36, 2200], [76, 111, -18, 24, 1900], [75, 116, -18, 42, 2300], [76, 116, -16, 18, 2300], [74, 116, -18, 30, 2600], [74, 117, -18, 36, 2600], [75, 114, -28, 12, 2000], [76, 115, -21, 24, 2500], [77, 119, -19, 42, 2000], [76, 120, -17, 18, 2400], [73, 122, -20, 30, 2600], [74, 121, -19, 36, 2500], [77, 118, -26, 12, 2300], [77, 119, -25, 24, 2600], [83, 121, -14, -30, 2000], [76, 126, -16, 18, 1900], [66, 129, -27, 30, 2000], [84, 120, -15, -42, 1800], [84, 120, -13, -36, 2000], [83, 121, -14, -24, 1800], [77, 122, -32, 24, 2000], [84, 124, -19, -30, 1700], [86, 124, -17, -36, 1800], [80, 126, -25, 12, 1700], [82, 129, -29, 18, 1400], [85, 128, -24, 12, 1800], [86, 130, -32, 18, 2000], [102, 111, -50, 36, 1700], [89, 128, -29, 12, 1900], [86, 127, -40, 24, 1800], [85, 134, -38, 18, 1800], [102, 120, -42, 36, 1700], [85, 134, -36, 12, 1600], [143, 88, -48, 42, 1600], [114, 126, -42, 18, 1800], [112, 130, -34, 30, 2400], [121, 123, -26, 36, 2300], [121, 120, -39, 12, 2500], [135, 116, -14, 42, 2400], [118, 131, -30, 18, 2400], [124, 126, -26, 30, 3000], [116, 133, -23, -12, 1700], [129, 121, -22, 36, 3000], [124, 124, -35, 12, 3100], [119, 130, -26, 24, 2300], [134, 123, -15, 42, 2400], [119, 135, -27, 18, 2500], [126, 130, -23, 30, 3100], [113, 140, -30, -12, 1900], [131, 126, -20, 36, 3100], [126, 128, -34, 12, 3100], [120, 134, -28, 24, 2600], [129, 124, -36, 48, 1500], [121, 139, -30, 18, 2300], [121, 140, -20, 30, 2600], [127, 133, -29, 12, 2600], [116, 143, -30, 24, 2400], [124, 141, -32, 18, 1700], [92, 164, -31, 30, 1400], [116, 147, -34, -12, 1800], [102, 158, -29, 24, 1800], [136, 136, -25, 42, 1700], [141, 138, -16, 42, 2200], [126, 152, -20, 30, 1600], [140, 139, -15, 36, 2200], [142, 143, -10, 42, 2300], [125, 156, -27, 30, 1900], [141, 144, -13, 36, 2300], [170, 92, -59, 12, 1600], [144, 147, 3, 42, 1600], [142, 149, -5, 36, 1600], [141, 134, -68, 12, 1600], [194, 84, -28, 18, 1400], [44, 206, -35, 30, 1700], [76, 197, -31, 12, 1700], [185, 100, -38, 24, 1900], [46, 209, -37, 18, 1300], [53, 208, -33, 30, 1700], [68, 205, -28, 12, 1400], [192, 93, -41, 24, 1700], [76, 204, -37, 24, 1300], [175, 131, -71, -18, 1800], [176, 139, -63, -18, 2100], [171, 169, -13, 30, 1700], [185, 154, 1, 24, 1600], [179, 167, -8, 30, 1800], [184, 161, -9, 24, 1600], [152, 271, -15, 30, 1800], [143, 280, -16, 30, 1800], [266, 178, -41, -12, 1500], [260, 198, -2, 12, 1600], [6, 326, -60, 18, 2000], [256, 206, -36, 30, 1900], [248, 215, -40, -12, 2100], [254, 206, -46, 36, 1500], [249, 218, 1, 12, 2200], [248, 218, -11, 24, 2400], [237, 231, -45, -12, 2100], [247, 224, -29, 36, 1600], [250, 220, -28, 12, 2100], [244, 228, -8, 24, 2600], [225, 251, -32, 18, 1800], [252, 217, -63, 12, 2000], [238, 240, -15, 24, 1800], [261, 219, -35, -12, 1600], [-138, 420, 73, 12, 1900], [426, 151, -102, -12, 1700], [411, 223, -3, -30, 1600], [405, 233, 0, -24, 1600], [410, 230, 10, -30, 2000], [259, 382, -95, 12, 1700], [406, 239, 1, -24, 1900], [236, 412, -12, 18, 1500], [419, 223, -9, -18, 1500], [402, 252, 28, -12, 1700], [242, 401, -78, 12, 1900], [405, 248, -23, -24, 1400], [243, 411, 36, 18, 1500], [441, 185, -18, -12, 1600], [239, 411, -56, 12, 2000], [422, 234, -28, -18, 1900], [417, 243, -24, -12, 2000], [258, 387, -129, 12, 1600], [416, 253, -17, -12, 1800], [304, 402, 73, 12, 1500], [342, 380, 53, 30, 1600], [-43, 512, 16, 12, 1600]]",129
2025-04-02 16:26:50.729,"[[75, 112, -15, -12, 2800], [78, 110, -18, -24, 2300], [73, 118, -17, -18, 2500], [74, 117, -16, -12, 3100], [78, 114, -17, -24, 2700], [73, 120, -29, -18, 2500], [73, 122, -20, -12, 2800], [80, 118, -15, -24, 2600], [89, 114, -27, -30, 1600], [74, 118, -47, -18, 2200], [78, 123, -24, -12, 2200], [84, 120, -18, -36, 1600], [81, 107, -61, -24, 2000], [86, 122, -24, -42, 2200], [81, 127, -12, -12, 1700], [87, 122, -25, -36, 2200], [90, 114, -42, -24, 1600], [87, 124, -34, -30, 3100], [85, 126, -31, -18, 2600], [88, 124, -31, -42, 2700], [77, 129, -40, -12, 1800], [87, 125, -33, -36, 3100], [91, 119, -39, -24, 2700], [84, 126, -35, -48, 1900], [90, 126, -37, -30, 3100], [86, 130, -32, -18, 3100], [91, 125, -37, -42, 2800], [84, 131, -31, -12, 2200], [89, 127, -35, -36, 3100], [92, 123, -40, -24, 3100], [93, 128, -39, -30, 3100], [85, 135, -36, -18, 3000], [94, 127, -41, -42, 2400], [72, 137, -51, -12, 2100], [92, 129, -39, -36, 3000], [110, 92, -78, 12, 1800], [96, 125, -41, -24, 2800], [68, 147, -42, -18, 2200], [63, 148, -45, -12, 1600], [-21, 151, -69, 12, 2200], [108, 77, -108, -30, 1500], [96, 139, -28, 18, 2200], [96, 129, -58, -18, 2600], [100, 124, -61, -24, 2400], [108, 127, -37, 24, 1900], [111, 132, -27, 18, 2800], [100, 120, -79, -18, 2200], [154, 50, -67, -12, 2000], [93, 143, -40, 12, 2300], [103, 128, -60, -24, 2100], [114, 129, -31, 24, 2200], [124, 122, -40, -18, 1800], [132, 115, -35, -12, 3100], [109, 133, -48, 12, 2200], [116, 126, -50, -24, 1600], [115, 133, -31, 24, 2300], [120, 132, -40, 18, 2200], [131, 121, -40, -18, 2200], [131, 122, -34, -12, 3100], [124, 128, -41, 12, 2400], [129, 124, -36, -24, 1900], [115, 137, -36, 24, 2000], [135, 123, -37, 18, 1900], [133, 127, -32, -18, 2000], [129, 131, -30, -12, 3100], [134, 124, -39, 12, 2300], [135, 126, -29, -24, 1800], [127, 138, -34, -18, 1900], [116, 150, -18, -12, 2100], [72, 172, -38, 12, 1800], [125, 141, -47, -18, 1800], [132, 130, -58, -12, 1600], [148, 131, -5, 30, 1800], [151, 127, -14, 24, 2400], [146, 138, -17, 18, 2300], [144, 140, -14, 30, 2400], [147, 138, -15, 24, 3000], [146, 144, -12, 18, 2300], [146, 145, -11, 30, 2400], [123, 162, -32, -12, 2000], [147, 143, -15, 24, 2900], [151, 146, -11, 18, 2100], [142, 154, -5, 30, 1800], [101, 178, -45, -12, 1700], [148, 148, -15, 24, 2400], [141, 146, -67, 18, 1700], [139, 161, -21, 24, 1700], [62, 206, -32, 18, 1600], [73, 201, -39, 12, 1700], [95, 195, -19, 24, 1500], [178, 136, -48, -12, 1700], [157, 168, -40, -12, 2000], [158, 158, -67, -24, 1600], [169, 160, -43, -12, 1700], [85, 254, -20, -24, 1500], [247, 213, -13, -30, 2000], [251, 209, -2, -12, 2800], [266, 190, -5, 12, 1600], [247, 214, -4, -24, 2400], [249, 217, -5, -30, 2600], [248, 219, -2, -12, 3100], [263, 201, 7, 12, 2000], [250, 217, -6, -24, 3000], [242, 231, -1, -12, 3100], [249, 224, -4, -24, 2900], [216, 260, 9, -12, 1800], [241, 238, -1, -24, 2200], [250, 247, -38, -18, 1900], [264, 235, -20, -24, 1700], [418, 216, 2, -18, 1700], [432, 198, 0, -12, 1500]]",111
2025-04-02 16:26:50.840,"[[78, 106, -12, -12, 2500], [78, 111, -12, -12, 3100], [78, 112, -29, -18, 3000], [80, 112, -24, -24, 2300], [81, 116, -23, -18, 3100], [80, 118, -5, -12, 3100], [82, 115, -24, -24, 2600], [85, 115, -35, -30, 1800], [84, 120, -20, -18, 3100], [82, 121, -16, -12, 3100], [85, 118, -25, -24, 2600], [86, 120, -34, -30, 2900], [83, 125, -22, -12, 2800], [86, 121, -30, -36, 2200], [86, 120, -31, -24, 2800], [92, 119, -39, -18, 2000], [78, 126, -45, -12, 2100], [87, 124, -36, -24, 2600], [88, 128, -35, -30, 2800], [101, 117, -39, -18, 1800], [64, 141, -35, -12, 2000], [87, 128, -35, -36, 2200], [85, 130, -32, -24, 2200], [85, 134, -36, -30, 2000], [97, 125, -40, -18, 2200], [132, 85, -44, -12, 1900], [84, 133, -42, -36, 1600], [99, 127, -25, 12, 1700], [85, 135, -34, -24, 2000], [108, 126, -17, 18, 1700], [91, 131, -49, -18, 2300], [103, 123, -47, -12, 2200], [104, 129, -19, 12, 1700], [82, 137, -49, -24, 2100], [79, 142, -54, -30, 1800], [87, 137, -52, -18, 2400], [97, 131, -50, -12, 2600], [84, 140, -52, -24, 2200], [99, 137, -44, -18, 2800], [121, 120, -42, -12, 3100], [91, 141, -51, -24, 1900], [116, 130, -38, -18, 2900], [125, 121, -38, -12, 3100], [97, 146, -35, 12, 1700], [114, 136, -41, 18, 1800], [120, 133, -37, -18, 2700], [95, 155, -19, 30, 1600], [127, 127, -35, -12, 3100], [91, 157, -23, 36, 2000], [113, 138, -35, 12, 2600], [118, 139, -38, 18, 1900], [117, 138, -45, -18, 1800], [126, 136, -19, -12, 2200], [99, 156, -24, 36, 1900], [116, 142, -32, 12, 2600], [128, 126, -64, -12, 1600], [113, 150, -31, 12, 2000], [147, 117, -50, -12, 1800], [155, 113, -48, -12, 1700], [137, 145, -27, 18, 1700], [157, 114, -56, -12, 1700], [137, 147, -19, 12, 2200], [143, 147, -20, 12, 2100], [154, 143, -3, 18, 2200], [151, 142, -33, -12, 1500], [156, 140, -6, 12, 2100], [155, 148, -5, 18, 2300], [155, 148, -3, 12, 2300], [144, 163, -2, 12, 2000], [172, 147, -39, -12, 1700], [166, 161, -33, -12, 1500], [132, 201, -45, -12, 1700], [123, 211, -48, -12, 1700], [93, 286, -39, -12, 1800], [101, 285, -57, -12, 1900], [166, 263, -10, 12, 1700], [153, 275, -15, 18, 2100], [154, 274, -12, 12, 2400], [142, 285, -11, 18, 2100], [145, 284, -12, 12, 2400], [259, 199, 3, -18, 1900], [262, 194, 12, -12, 2800], [262, 202, 3, -18, 2200], [260, 203, 18, -12, 3100], [256, 213, 26, -12, 2800], [247, 194, -126, -12, 1500], [163, 325, -160, -12, 1500]]",87
2025-04-02 16:26:50.917,"[[77, 112, -9, -12, 1800], [84, 106, -35, 12, 2000], [73, 123, -14, -12, 2800], [81, 120, -30, 18, 2600], [84, 117, -30, 12, 2500], [84, 122, -32, 18, 3000], [87, 124, -36, 18, 2900], [87, 124, -34, 12, 3100], [90, 125, -41, 18, 2300], [97, 114, -53, -12, 1800], [88, 128, -36, 12, 2700], [87, 133, -36, -12, 1700], [95, 124, -46, 12, 2000], [66, 152, -21, 18, 1500], [69, 146, -42, 12, 2200], [72, 152, -33, 18, 1700], [79, 147, -52, 18, 1700], [113, 121, -57, -12, 2000], [116, 128, -45, -12, 2500], [122, 129, -42, -12, 2600], [139, 128, -22, -12, 1700], [92, 166, -43, 12, 1800]]",22
2025-04-02 16:26:51.016,"[[85, 115, -9, -12, 2300], [87, 117, -21, -12, 2300], [93, 121, -28, -12, 2600], [90, 126, -33, -12, 2700], [88, 134, -30, -12, 2100], [108, 122, -35, -12, 1700], [90, 138, -44, -12, 1900], [81, 149, -40, -12, 1800], [100, 145, -27, -12, 2200], [125, 130, -23, -12, 2600], [134, 127, -24, -12, 2400], [134, 149, -20, -12, 2500], [140, 150, -19, -12, 2600], [136, 159, -22, -12, 1800], [136, 169, -46, -12, 1800], [164, 262, 40, -12, 1700], [151, 281, 13, -12, 2100], [249, 218, -10, 12, 1700], [305, 270, -63, -12, 1200], [407, 166, -63, -12, 1800]]",20
2025-04-02 16:26:51.119,"[[113, 109, -44, -12, 1900], [105, 111, -68, -12, 2100], [127, 117, -29, -18, 2100], [127, 116, -30, -12, 3100], [127, 122, -28, -18, 2300], [130, 117, -36, -12, 3100], [124, 129, -33, -18, 1900], [131, 120, -41, -12, 2900], [142, 122, -35, -12, 2300], [145, 134, -12, -18, 1800], [146, 132, -15, -12, 2100], [147, 137, -17, -18, 2500], [141, 143, -21, -12, 2700], [148, 142, -21, -18, 2300], [139, 149, -31, -12, 2600], [159, 142, -8, -18, 1700], [169, 135, -46, -12, 1800], [162, 178, -42, 12, 1400], [113, 274, -45, -12, 2200], [100, 282, -52, -12, 2300], [91, 286, -66, -12, 2000], [126, 285, -5, -12, 1600], [141, 281, 3, -18, 1700], [130, 285, -26, -12, 2000], [137, 288, 8, -12, 1700], [250, 210, -13, 12, 1700], [253, 213, -6, 12, 2200], [255, 214, -28, 12, 1800], [197, 337, 92, -12, 1600], [203, 341, 80, -12, 1400], [414, 217, -13, 12, 1800], [430, 191, 18, 12, 1700]]",32
2025-04-02 16:26:51.214,"[[85, 124, -15, -12, 1500], [88, 126, -20, -12, 1800], [88, 131, -19, -12, 2000], [87, 127, -52, -12, 1800], [131, 113, -27, -12, 2000], [125, 122, -36, -12, 2300], [148, 126, -7, -18, 1700], [157, 113, -14, -12, 2100], [144, 135, -14, -18, 2700], [147, 132, -10, -12, 2900], [145, 140, -14, -18, 2900], [146, 139, -11, -12, 3100], [144, 146, -13, -18, 2600], [146, 144, -7, -12, 3000], [147, 150, -4, -12, 2600], [155, 146, -19, -12, 2100], [134, 285, 11, -12, 2300], [105, 294, 63, -12, 1700], [241, 225, 18, 12, 1700], [420, 212, 10, 12, 1800]]",20
2025-04-02 16:26:51.310,"[[78, 123, -24, -12, 1900], [90, 124, -42, -12, 1900], [87, 125, -59, -12, 2000], [85, 118, -82, -12, 2000], [107, 121, -55, -12, 2000], [124, 114, -46, -12, 2300], [140, 88, -67, -12, 1700], [120, 136, -13, -12, 2300], [127, 133, -26, -12, 2300], [144, 135, -14, -18, 2300], [146, 133, -15, -12, 3100], [145, 140, -14, -18, 2400], [144, 140, -14, -12, 3100], [133, 154, -34, -18, 1500], [138, 152, -16, -12, 2400], [364, 235, -97, -12, 1600]]",16
2025-04-02 16:26:51.408,"[[78, 117, -26, -12, 1500], [130, 118, -31, -12, 2500], [127, 128, -29, -12, 2700], [131, 129, -30, -12, 2300], [141, 139, -9, -12, 2500], [143, 142, -10, -12, 2600], [145, 146, -1, -12, 2100], [140, 155, 16, -12, 1600], [130, 169, 1, -12, 1400]]",9
2025-04-02 16:26:51.506,"[[101, 128, -37, -12, 1300], [111, 129, -19, -12, 1800], [118, 127, -22, -12, 2000], [137, 119, -19, -12, 1300]]",4
2025-04-02 16:26:51.602,[],0
2025-04-02 16:26:51.702,[],0
2025-04-02 16:26:51.801,[],0
2025-04-02 16:26:51.901,[],0
2025-04-02 16:26:52.000,[],0
2025-04-02 16:26:52.099,[],0
2025-04-02 16:26:52.198,[],0
2025-04-02 16:26:52.298,"[[679, 715, 0, -156, 100]]",1
2025-04-02 16:26:52.396,[],0
2025-04-02 16:26:52.495,[],0
2025-04-02 16:26:52.594,[],0
2025-04-02 16:26:52.694,[],0
2025-04-02 16:26:52.794,[],0
2025-04-02 16:26:52.893,[],0
